"";"BE";"CDS.PP";"PCP.PEV";"PPD.PSD";"PS";"changes";"BE";"CDS.PP";"PCP.PEV";"PPD.PSD";"PS"
"1";Arcos de Valdevez;5;3;4;1;2;PCP.PEV : { CDS.PP ^ PS };5;4;2;1;3
"2";Caminha;4;4;3;2;1;PCP.PEV : { PPD.PSD ^ PS }  ^  PPD.PSD : { PS };5;4;1;2;3
"3";Melgaco;4;4;3;2;1;PCP.PEV : { PS }  ^  PPD.PSD : { PS };5;4;2;1;3
"4";Moncao;5;3;4;2;1;PCP.PEV : { CDS.PP ^ PPD.PSD ^ PS }  ^  PPD.PSD : { PS };5;4;1;2;3
"5";Paredes de Coura;5;4;3;2;1;PCP.PEV : { PS }  ^  PPD.PSD : { PS };5;4;2;1;3
"6";Ponte da Barca;4;4;3;2;1;PPD.PSD : { PS };5;4;3;1;2
"7";Ponte de Lima;5;1;4;2;3;PPD.PSD : { CDS.PP }  ^  PS : { CDS.PP };5;3;4;1;2
"8";Valenca;4;4;3;1;2;PCP.PEV : { PS };5;4;2;1;3
"9";Viana do Castelo;5;4;3;2;1;PCP.PEV : { PS }  ^  PPD.PSD : { PS };5;4;2;1;3
"10";Vila Nova de Cerveira;4;4;3;2;1;PPD.PSD : { PS };5;4;2.5;1;2.5
"11";Amares;5;2;4;2;1;PCP.PEV : { CDS.PP }  ^  PPD.PSD : { PS };5;4;3;1;2
"12";Barcelos;4;2;5;2;1;PCP.PEV : { BE ^ CDS.PP }  ^  PPD.PSD : { PS };5;4;3;1;2
"13";Esposende;5;3;4;1;2;PCP.PEV : { CDS.PP };5;4;3;1;2
"14";Terras de Bouro;5;2;4;2;1;CDS.PP : { PS }  ^  PCP.PEV : { CDS.PP ^ PS }  ^  PPD.PSD : { PS };5;3;2;1;4
"15";Vila Verde;5;3;4;1;2;PCP.PEV : { CDS.PP };5;4;3;1;2
"16";Cabeceiras de Basto;5;2;4;2;1;PCP.PEV : { CDS.PP }  ^  PPD.PSD : { PS };5;4;3;1;2
"17";Fafe;5;4;3;2;1;PCP.PEV : { PS }  ^  PPD.PSD : { PS };5;4;2;1;3
"18";Guimaraes;5;2;4;2;1;PCP.PEV : { CDS.PP ^ PS }  ^  PPD.PSD : { PS };5;4;2;1;3
"19";Mondim de Basto;4;2;3;4;1;PCP.PEV : { CDS.PP ^ PS }  ^  PPD.PSD : { CDS.PP ^ PCP.PEV ^ PS };5;4;2;1;3
"20";Povoa de Lanhoso;5;3;4;1;2;PCP.PEV : { CDS.PP };5;4;3;1;2
"21";Vieira do Minho;5;1;4;1;3;PS : { CDS.PP ^ PPD.PSD };-1;-3;-2;-4;-5
"22";Vila Nova de Famalicao;5;1;4;1;3;PCP.PEV : { CDS.PP }  ^  PS : { CDS.PP };5;4;3;1;2
"23";Vizela;5;2;4;2;1;PCP.PEV : { CDS.PP }  ^  PPD.PSD : { PS };5;4;3;1;2
"24";Arouca;5;3;4;2;1;PCP.PEV : { CDS.PP }  ^  PPD.PSD : { PS };5;4;3;1;2
"25";Espinho;4;5;3;1;2;CDS.PP : { BE }  ^  PCP.PEV : { PS };5;4;2;1;3
"26";Gondomar;5;2;4;2;1;PCP.PEV : { CDS.PP ^ PS }  ^  PPD.PSD : { PS };5;4;2;1;3
"27";Maia;5;1;4;1;3;PCP.PEV : { CDS.PP ^ PPD.PSD ^ PS }  ^  PS : { CDS.PP };5;4;1;2.5;2.5
"28";Matosinhos;4;5;3;2;1;CDS.PP : { BE }  ^  PCP.PEV : { PS }  ^  PPD.PSD : { PS };5;4;2;1;3
"29";Oliveira de Azemeis;5;3;4;1;2;PCP.PEV : { CDS.PP };5;4;3;1;2
"30";Paredes;5;4;3;1;2;PCP.PEV : { PS };5;4;2;1;3
"31";Porto;4;5;3;2;1;CDS.PP : { BE }  ^  PCP.PEV : { PPD.PSD ^ PS }  ^  PPD.PSD : { PS };5;4;1;2;3
"32";Santa Maria da Feira;4;5;3;1;2;CDS.PP : { BE };5;4;2.5;1;2.5
"33";Santo Tirso;5;4;3;2;1;PCP.PEV : { PS }  ^  PPD.PSD : { PS };5;4;2;1;3
"34";Sao Joao da Madeira;5;4;3;1;2;PCP.PEV : { PS };5;4;2;1;3
"35";Trofa;5;1;4;1;3;PCP.PEV : { CDS.PP }  ^  PS : { CDS.PP };5;4;3;1;2
"36";Vale de Cambra;5;1;4;2;3;PCP.PEV : { CDS.PP ^ PS }  ^  PPD.PSD : { CDS.PP }  ^  PS : { CDS.PP };5;4;2;1;3
"37";Valongo;4;5;3;2;1;CDS.PP : { BE ^ PCP.PEV };-1;-3;-2;-4;-5
"38";Vila do Conde;5;4;3;2;1;CDS.PP : { PCP.PEV }  ^  PPD.PSD : { PS };5;3;4;1;2
"39";Boticas;4;4;3;1;2;PCP.PEV : { PS };5;4;2;1;3
"40";Chaves;5;4;3;1;2;PCP.PEV : { PPD.PSD ^ PS };5;4;1;2;3
"41";Montalegre;5;2;4;2;1;PCP.PEV : { CDS.PP ^ PS }  ^  PPD.PSD : { PS };5;4;2;1;3
"42";Ribeira de Pena;5;3;4;2;1;PCP.PEV : { CDS.PP ^ PS }  ^  PPD.PSD : { PS };5;4;2;1;3
"43";Valpacos;5;3;4;1;2;PCP.PEV : { CDS.PP ^ PS };5;4;2;1;3
"44";Vila Pouca de Aguiar;5;4;3;1;2;PCP.PEV : { PS };5;4;2;1;3
"45";Amarante;5;1;4;1;3;PCP.PEV : { CDS.PP }  ^  PS : { CDS.PP };5;4;3;1;2
"46";Baiao;5;3;4;2;1;PCP.PEV : { CDS.PP }  ^  PPD.PSD : { PS };5;4;3;1;2
"47";Castelo de Paiva;5;4;3;2;1;PCP.PEV : { PS }  ^  PPD.PSD : { PS };5;4;2;1;3
"48";Celorico de Basto;5;3;4;1;2;PCP.PEV : { CDS.PP };5;4;3;1;2
"49";Cinfaes;5;2;4;2;1;PCP.PEV : { CDS.PP ^ PS }  ^  PPD.PSD : { PS };5;4;2;1;3
"50";Felgueiras;5;3;4;1;2;PCP.PEV : { CDS.PP };5;4;3;1;2
"51";Lousada;5;2;4;2;1;PCP.PEV : { CDS.PP ^ PS }  ^  PPD.PSD : { PS };5;4;2;1;3
"52";Marco de Canaveses;4;4;3;1;2;PCP.PEV : { PS };5;4;2;1;3
"53";Pacos de Ferreira;5;4;3;2;1;PCP.PEV : { PS }  ^  PPD.PSD : { PS };5;4;2;1;3
"54";Penafiel;5;1;4;1;3;PS : { CDS.PP };5;3;4;1;2
"55";Resende;5;2;4;2;1;PCP.PEV : { CDS.PP ^ PS }  ^  PPD.PSD : { PS };5;4;2;1;3
"56";Alijo;5;3;4;1;2;PCP.PEV : { CDS.PP };5;4;3;1;2
"57";Armamar;5;2;4;1;3;PCP.PEV : { CDS.PP ^ PS }  ^  PS : { CDS.PP };5;4;2;1;3
"58";Carrazeda de Ansiaes;5;2;4;1;3;PCP.PEV : { CDS.PP ^ PS }  ^  PS : { CDS.PP };5;4;2;1;3
"59";Lamego;5;1;4;1;3;PS : { CDS.PP ^ PPD.PSD };-1;-3;-2;-4;-5
"60";Mesâ o Frio;5;3;4;2;1;PCP.PEV : { CDS.PP }  ^  PPD.PSD : { PS };5;4;3;1;2
"61";Moimenta da Beira;5;2;4;2;1;PCP.PEV : { CDS.PP ^ PS }  ^  PPD.PSD : { PS };5;4;2;1;3
"62";Murca;5;3;4;2;1;PCP.PEV : { CDS.PP ^ PS }  ^  PPD.PSD : { PS };5;4;2;1;3
"63";Penedono;5;3;4;1;2;PCP.PEV : { CDS.PP };5;4;3;1;2
"64";Peso da Regua;4;4;3;1;2;PCP.PEV : { PPD.PSD ^ PS };5;4;1;2.5;2.5
"65";Sabrosa;4;4;3;2;1;PCP.PEV : { PS }  ^  PPD.PSD : { PS };5;4;2;1;3
"66";Santa Marta de Penaguiâ o;5;3;4;2;1;PCP.PEV : { CDS.PP }  ^  PPD.PSD : { PS };5;4;3;1;2
"67";Sao Joao da Pesqueira;5;3;4;1;2;PCP.PEV : { CDS.PP ^ PS };5;4;2;1;3
"68";Sernancelhe;5;3;4;1;2;PCP.PEV : { CDS.PP ^ PS };5;4;2;1;3
"69";Tabuaco;5;1;4;1;3;PCP.PEV : { CDS.PP ^ PS }  ^  PS : { CDS.PP };5;4;2;1;3
"70";Tarouca;4;3;5;1;2;PCP.PEV : { BE ^ CDS.PP };5;4;3;1;2
"71";Torre de Moncorvo;5;1;4;1;3;PCP.PEV : { CDS.PP ^ PPD.PSD ^ PS }  ^  PS : { CDS.PP };5;4;1;2;3
"72";Vila Nova de Foz Coa;4;4;3;1;2;PCP.PEV : { PS };5;4;2;1;3
"73";Vila Real;5;3;4;2;1;PCP.PEV : { CDS.PP ^ PS }  ^  PPD.PSD : { PS };5;4;2;1;3
"74";Alfandega da Fe;5;2;4;2;1;PCP.PEV : { CDS.PP ^ PS }  ^  PPD.PSD : { PS };5;4;2;1;3
"75";Braganca;5;3;4;1;2;PCP.PEV : { CDS.PP ^ PPD.PSD ^ PS };5;4;1;2.5;2.5
"76";Macedo de Cavaleiros;5;3;4;1;2;PCP.PEV : { CDS.PP ^ PS };5;4;2;1;3
"77";Miranda do Douro;5;3;4;2;1;PCP.PEV : { CDS.PP ^ PS }  ^  PPD.PSD : { PS };5;4;2;1;3
"78";Mirandela;5;3;4;1;2;CDS.PP : { PS }  ^  PCP.PEV : { CDS.PP ^ PS };5;3;1.5;1.5;4
"79";Mogadouro;5;3;4;2;1;PCP.PEV : { CDS.PP ^ PS }  ^  PPD.PSD : { PS };5;4;2;1;3
"80";Vila Flor;5;2;4;2;1;PCP.PEV : { CDS.PP ^ PS }  ^  PPD.PSD : { PS };5;4;2;1;3
"81";Vimioso;4;4;3;1;2;PCP.PEV : { PS };5;4;2;1;3
"82";Vinhais;4;2;3;4;1;PCP.PEV : { CDS.PP ^ PS }  ^  PPD.PSD : { CDS.PP ^ PCP.PEV ^ PS };5;4;2;1;3
"83";AlcobaÂa;5;3;4;1;2;PCP.PEV : { CDS.PP ^ PPD.PSD ^ PS };5;4;1;2.5;2.5
"84";Arruda dos Vinhos;5;4;3;2;1;PCP.PEV : { PPD.PSD ^ PS };5;4;1;2.5;2.5
"85";Bombarral;5;4;3;1;2;PCP.PEV : { PS };5;4;2;1;3
"86";Cadaval;5;4;3;1;2;PCP.PEV : { PS };5;4;2;1;3
"87";Caldas da Rainha;5;3;4;1;2;PCP.PEV : { CDS.PP ^ PS };5;4;2;1;3
"88";Lourinha;5;2;4;2;1;PCP.PEV : { CDS.PP ^ PPD.PSD ^ PS }  ^  PPD.PSD : { PS };5;4;1;2;3
"89";Nazare;5;4;3;2;1;PCP.PEV : { PS }  ^  PPD.PSD : { PS };5;4;2;1;3
"90";Obidos;5;4;3;1;2;PCP.PEV : { PPD.PSD ^ PS };5;4;1;2;3
"91";Peniche;5;4;1;3;2;PPD.PSD : { PS };5;4;1.5;1.5;3
"92";Sobral de Monte AgraÂo;5;3;1;3;2;CDS.PP : { PCP.PEV }  ^  PPD.PSD : { PCP.PEV ^ PS }  ^  PS : { PCP.PEV };5;3;4;1;2
"93";Torres Vedras;5;4;3;2;1;CDS.PP : { PCP.PEV };-1;-3;-2;-4;-5
"94";Agueda;5;2;4;2;1;PCP.PEV : { CDS.PP ^ PS }  ^  PPD.PSD : { PS };5;4;2;1;3
"95";Albergaria-a-Velha;5;1;4;2;3;PCP.PEV : { CDS.PP ^ PS }  ^  PPD.PSD : { CDS.PP }  ^  PS : { CDS.PP };5;4;2;1;3
"96";Anadia;5;3;4;1;2;PCP.PEV : { CDS.PP ^ PS };5;4;2;1;3
"97";Aveiro;4;1;5;1;3;PCP.PEV : { BE ^ CDS.PP }  ^  PS : { CDS.PP };5;4;3;1.5;1.5
"98";Estarreja;5;1;4;1;3;PCP.PEV : { CDS.PP ^ PS }  ^  PS : { CDS.PP };5;4;2;1;3
"99";Ilhavo;5;3;4;1;2;PCP.PEV : { CDS.PP };5;4;3;1;2
"100";Murtosa;5;3;4;1;2;PCP.PEV : { CDS.PP };5;4;3;1;2
"101";Oliveira do Bairro;5;2;4;1;3;PCP.PEV : { CDS.PP }  ^  PS : { CDS.PP };5;4;3;1;2
"102";Ovar;4;5;3;1;2;CDS.PP : { BE }  ^  PCP.PEV : { PS };5;4;2;1;3
"103";Sever do Vouga;5;3;4;2;1;PCP.PEV : { CDS.PP ^ PS }  ^  PPD.PSD : { PS };5;4;2;1;3
"104";Vagos;5;2;4;1;3;PCP.PEV : { CDS.PP }  ^  PS : { CDS.PP };5;4;3;1;2
"105";Arganil;4;4;3;1;2;PCP.PEV : { PS };5;4;2;1;3
"106";Cantanhede;5;4;3;1;2;PCP.PEV : { PPD.PSD ^ PS };5;4;1;2;3
"107";Coimbra;5;4;3;2;1;PCP.PEV : { PS }  ^  PPD.PSD : { PS };5;4;2;1;3
"108";Condeixa-a-Nova;3;5;4;2;1;CDS.PP : { BE ^ PCP.PEV }  ^  PCP.PEV : { BE };-1;-3;-2;-4;-5
"109";Figueira da Foz;5;2;4;2;1;PCP.PEV : { CDS.PP ^ PPD.PSD ^ PS }  ^  PPD.PSD : { PS };5;4;1;2;3
"110";Gois;4;2;3;4;1;PCP.PEV : { CDS.PP }  ^  PPD.PSD : { CDS.PP ^ PCP.PEV ^ PS };5;4;3;1;2
"111";Lousa;4;2;5;2;1;PCP.PEV : { BE };-1;-3;-2;-4;-5
"112";Mealhada;5;2;4;2;1;PCP.PEV : { CDS.PP ^ PS }  ^  PPD.PSD : { PS };5;4;2;1;3
"113";Mira;5;4;3;1;2;PCP.PEV : { PPD.PSD ^ PS };5;4;1;2;3
"114";Miranda do Corvo;5;2;4;2;1;PCP.PEV : { CDS.PP ^ PS }  ^  PPD.PSD : { PS };5;4;2;1;3
"115";Montemor-o-Velho;5;2;4;2;1;PCP.PEV : { CDS.PP ^ PS }  ^  PPD.PSD : { PS };5;4;2;1;3
"116";MortËgua;5;3;4;1;2;PCP.PEV : { CDS.PP ^ PS };5;4;2;1;3
"117";Oliveira do Hospital;5;3;4;2;1;PCP.PEV : { CDS.PP }  ^  PPD.PSD : { PS };5;4;3;1;2
"118";Pampilhosa da Serra;4;4;3;1;2;PCP.PEV : { PS };5;4;2;1;3
"119";Penacova;5;2;4;2;1;PCP.PEV : { CDS.PP }  ^  PPD.PSD : { PS };5;4;3;1;2
"120";Penela;5;4;3;1;2;PCP.PEV : { PS };5;4;2;1;3
"121";Soure;5;2;4;2;1;PCP.PEV : { CDS.PP ^ PS }  ^  PPD.PSD : { PS };5;4;2;1;3
"122";TËbua;5;2;4;2;1;PCP.PEV : { CDS.PP }  ^  PPD.PSD : { PS };5;4;3;1;2
"123";Vila Nova de Poiares;5;4;3;2;1;PPD.PSD : { PS };5;4;3;1;2
"124";AlvaiËzere;5;3;4;1;2;PCP.PEV : { CDS.PP ^ PS };5;4;2;1;3
"125";Ansiâ o;5;3;4;1;2;PCP.PEV : { CDS.PP };5;4;2.5;1;2.5
"126";Batalha;5;3;4;1;2;PS : { PPD.PSD };-1;-3;-2;-4;-5
"127";Castanheira de PÂra;5;3;4;2;1;PCP.PEV : { CDS.PP ^ PS }  ^  PPD.PSD : { PS };5;4;2;1;3
"128";Figueiro dos Vinhos;5;3;4;2;1;PCP.PEV : { CDS.PP ^ PS }  ^  PPD.PSD : { PS };5;4;2;1;3
"129";Marinha Grande;4;5;2;3;1;CDS.PP : { BE }  ^  PCP.PEV : { PS }  ^  PPD.PSD : { PCP.PEV ^ PS };5;4;2;1;3
"130";Pedrogao Grande;4;4;3;1;2;PCP.PEV : { PS };5;4;2;1;3
"131";Porto de Mos;5;3;4;2;1;PCP.PEV : { CDS.PP }  ^  PPD.PSD : { PS };5;4;2.5;1;2.5
"132";Carregal do Sal;5;3;4;2;1;PCP.PEV : { CDS.PP ^ PS }  ^  PPD.PSD : { PS };5;4;2;1;3
"133";Castro Daire;5;3;4;2;1;PCP.PEV : { CDS.PP }  ^  PPD.PSD : { PS };5;4;2.5;1;2.5
"134";Mangualde;5;2;4;2;1;PCP.PEV : { CDS.PP }  ^  PPD.PSD : { PS };5;4;3;1;2
"135";Nelas;5;2;4;2;1;PCP.PEV : { CDS.PP }  ^  PPD.PSD : { PS };5;4;3;1;2
"136";Oliveira de Frades;4;1;5;1;3;PCP.PEV : { BE ^ CDS.PP }  ^  PS : { CDS.PP };5;4;3;1;2
"137";Penalva do Castelo;5;2;4;2;1;PCP.PEV : { CDS.PP ^ PS }  ^  PPD.PSD : { PS };5;4;2;1;3
"138";Santa Comba Dao;5;3;4;2;1;PCP.PEV : { CDS.PP ^ PS }  ^  PPD.PSD : { PS };5;4;2;1;3
"139";Sao Pedro do Sul;3;5;4;2;1;CDS.PP : { BE }  ^  PCP.PEV : { BE }  ^  PPD.PSD : { PS };5;4;2.5;1;2.5
"140";Tondela;5;3;4;1;2;PCP.PEV : { CDS.PP ^ PS };5;4;2;1;3
"141";Viseu;5;3;4;1;2;PCP.PEV : { CDS.PP ^ PS };5;4;1.5;1.5;3
"142";Vouzela;3;4;5;1;2;CDS.PP : { BE }  ^  PCP.PEV : { BE ^ CDS.PP ^ PS };5;4;2;1;3
"143";Castelo Branco;5;4;3;2;1;PCP.PEV : { PPD.PSD ^ PS }  ^  PPD.PSD : { PS };5;4;1;2;3
"144";Idanha-a-Nova;5;4;3;2;1;PCP.PEV : { PS }  ^  PPD.PSD : { PS };5;4;2;1;3
"145";Penamacor;5;3;4;2;1;PCP.PEV : { CDS.PP ^ PS }  ^  PPD.PSD : { PS };5;4;2;1;3
"146";Proenca-a-Nova;4;4;3;2;1;PCP.PEV : { PS }  ^  PPD.PSD : { PS };5;4;2;1;3
"147";Vila Velha de Rodao;5;4;3;2;1;PCP.PEV : { PS }  ^  PPD.PSD : { PS };5;4;2;1;3
"148";Abrantes;4;5;3;2;1;CDS.PP : { BE }  ^  PCP.PEV : { PPD.PSD ^ PS }  ^  PPD.PSD : { PS };5;4;1;2;3
"149";Alcanena;5;2;4;2;1;PCP.PEV : { CDS.PP ^ PS }  ^  PPD.PSD : { PS };5;4;2;1;3
"150";ConstÅ ncia;5;3;1;4;2;PPD.PSD : { CDS.PP };5;4;1;2.5;2.5
"151";Entroncamento;4;5;3;2;1;CDS.PP : { BE ^ PS }  ^  PCP.PEV : { PS }  ^  PPD.PSD : { PS };5;2.5;2.5;1;4
"152";Macao;5;4;3;1;2;PCP.PEV : { PS };5;4;2;1;3
"153";Ourem;5;2;4;2;1;PPD.PSD : { PS };5;3;4;1;2
"154";Serta;5;3;4;1;2;PCP.PEV : { CDS.PP ^ PS };5;4;2;1;3
"155";Tomar;4;5;3;2;1;CDS.PP : { BE }  ^  PCP.PEV : { PPD.PSD ^ PS }  ^  PPD.PSD : { PS };5;4;1;2;3
"156";Torres Novas;4;5;3;2;1;CDS.PP : { BE }  ^  PCP.PEV : { PS }  ^  PPD.PSD : { PS };5;4;2;1;3
"157";Vila de Rei;5;3;4;1;2;PCP.PEV : { CDS.PP };5;4;3;1;2
"158";Vila Nova da Barquinha;5;4;3;2;1;PCP.PEV : { PS }  ^  PPD.PSD : { PS };5;4;2;1;3
"159";Almeida;5;1;4;1;3;PCP.PEV : { CDS.PP ^ PS }  ^  PS : { CDS.PP };5;4;2;1;3
"160";Belmonte;4;3;2;4;1;PCP.PEV : { PS }  ^  PPD.PSD : { CDS.PP ^ PCP.PEV ^ PS };5;4;2;1;3
"161";Celorico da Beira;5;2;4;2;1;PCP.PEV : { CDS.PP ^ PS }  ^  PPD.PSD : { PS };5;4;2;1;3
"162";Covilha;4;5;3;2;1;CDS.PP : { BE }  ^  PCP.PEV : { PPD.PSD ^ PS };5;4;1;2.5;2.5
"163";Figueira de Castelo Rodrigo;4;4;3;2;1;PCP.PEV : { PS }  ^  PPD.PSD : { PS };5;4;2;1;3
"164";Fornos de Algodres;5;3;4;2;1;PCP.PEV : { CDS.PP }  ^  PPD.PSD : { PS };5;4;3;1;2
"165";Fundao;5;4;3;1;2;PCP.PEV : { PS };5;4;2;1;3
"166";Gouveia;5;1;4;1;3;PCP.PEV : { CDS.PP ^ PS }  ^  PS : { CDS.PP };5;4;2;1;3
"167";Guarda;5;1;4;1;3;PCP.PEV : { CDS.PP ^ PS }  ^  PS : { CDS.PP };5;4;2;1;3
"168";Manteigas;4;4;3;1;2;PCP.PEV : { PS };5;4;2;1;3
"169";Muda;5;2;4;3;1;PCP.PEV : { CDS.PP ^ PS }  ^  PPD.PSD : { CDS.PP ^ PS };5;4;2;1;3
"170";Pinhel;5;3;4;1;2;PCP.PEV : { CDS.PP ^ PS };5;4;2;1;3
"171";Sabugal;5;3;4;1;2;PCP.PEV : { CDS.PP ^ PS };5;4;2;1;3
"172";Seia;5;2;4;2;1;PCP.PEV : { CDS.PP ^ PS }  ^  PPD.PSD : { PS };5;4;2;1;3
"173";Trancoso;5;3;4;2;1;PCP.PEV : { CDS.PP ^ PS }  ^  PPD.PSD : { PS };5;4;2;1;3
"174";Alcochete;5;3;1;4;2;CDS.PP : { PS }  ^  PPD.PSD : { CDS.PP ^ PCP.PEV ^ PS };5;2.5;2.5;1;4
"175";Amadora;5;3;2;3;1;CDS.PP : { PS }  ^  PCP.PEV : { PS }  ^  PPD.PSD : { PCP.PEV ^ PS };5;3;2;1;4
"176";Barreiro;4;5;1;3;2;CDS.PP : { BE }  ^  PPD.PSD : { PS };5;4;1;2;3
"177";Cascais;5;1;4;1;3;PS : { CDS.PP ^ PPD.PSD };-1;-3;-2;-4;-5
"178";Lisboa;5;2;4;2;1;PCP.PEV : { CDS.PP ^ PS }  ^  PPD.PSD : { PS };5;4;2;1;3
"179";Loures;4;5;1;3;2;PS : { PCP.PEV };4;5;2;3;1
"180";Mafra;5;4;3;1;2;CDS.PP : { PCP.PEV }  ^  PS : { PPD.PSD };-1;-3;-2;-4;-5
"181";Moita;3;5;1;4;2;CDS.PP : { BE }  ^  PPD.PSD : { BE ^ PCP.PEV }  ^  PS : { PCP.PEV };5;4;3;1.5;1.5
"182";Montijo;4;5;2;3;1;CDS.PP : { BE }  ^  PCP.PEV : { PS }  ^  PPD.PSD : { PS };5;4;1;2;3
"183";Odivelas;4;5;2;3;1;CDS.PP : { BE };5;4;2.5;2.5;1
"184";Oeiras;5;4;3;1;2;PCP.PEV : { PS };5;4;2;1;3
"185";Palmela;5;3;1;3;2;CDS.PP : { PS }  ^  PPD.PSD : { PCP.PEV ^ PS };5;3;2;1;4
"186";Seixal;4;5;1;3;2;CDS.PP : { BE };5;4;1;3;2
"187";Sintra;5;2;4;2;1;PCP.PEV : { CDS.PP ^ PPD.PSD };5;4;1.5;3;1.5
"188";Vila Franca de Xira;4;5;2;3;1;CDS.PP : { BE }  ^  PCP.PEV : { PS }  ^  PPD.PSD : { PS };5;4;1;2;3
"189";AlcËcer do Sal;4;5;1;3;2;CDS.PP : { BE }  ^  PPD.PSD : { PCP.PEV ^ PS };5;4;2;1;3
"190";Grandola;3;4;1;4;2;CDS.PP : { BE ^ PCP.PEV }  ^  PPD.PSD : { BE ^ PCP.PEV }  ^  PS : { PCP.PEV };-1;-3;-2;-4;-5
"191";Odemira;5;3;2;3;1;PCP.PEV : { PS }  ^  PPD.PSD : { PCP.PEV ^ PS };5;4;2;1;3
"192";Santiago do Cacem;4;5;1;3;2;CDS.PP : { BE }  ^  PPD.PSD : { PS };5;4;1;2;3
"193";Sines;5;4;2;3;1;CDS.PP : { PS }  ^  PCP.PEV : { PS }  ^  PPD.PSD : { PCP.PEV ^ PS };5;3;2;1;4
"194";Aljustrel;5;3;2;3;1;CDS.PP : { PS }  ^  PCP.PEV : { PS }  ^  PPD.PSD : { PCP.PEV ^ PS };5;2.5;2.5;1;4
"195";Almodavar;4;5;3;2;1;CDS.PP : { BE }  ^  PCP.PEV : { PS }  ^  PPD.PSD : { PS };5;4;2;1;3
"196";Alvito;5;3;1;3;2;PPD.PSD : { PCP.PEV ^ PS };5;4;2;1;3
"197";Barrancos;3;3;1;3;2;PPD.PSD : { PCP.PEV ^ PS };5;4;2;1;3
"198";Beja;5;3;1;3;2;CDS.PP : { PCP.PEV }  ^  PPD.PSD : { PCP.PEV }  ^  PS : { PCP.PEV };-1;-3;-2;-4;-5
"199";Castro Verde;5;3;1;3;2;PPD.PSD : { PCP.PEV ^ PS };5;4;2;1;3
"200";Cuba;5;3;1;3;2;PPD.PSD : { PS };5;3.5;1;2;3.5
"201";Ferreira do Alentejo;5;3;2;3;1;PCP.PEV : { PS }  ^  PPD.PSD : { PCP.PEV ^ PS };5;4;2;1;3
"202";Mertola;5;3;2;3;1;PCP.PEV : { PS }  ^  PPD.PSD : { PS };5;4;1;2;3
"203";Moura;5;3;1;3;2;CDS.PP : { PS }  ^  PPD.PSD : { PS };5;3;1;2;4
"204";Ourique;5;2;4;2;1;PCP.PEV : { CDS.PP ^ PS }  ^  PPD.PSD : { PS };5;4;2;1;3
"205";Serpa;4;5;1;3;2;CDS.PP : { BE }  ^  PPD.PSD : { PCP.PEV ^ PS };5;4;2;1;3
"206";Vidigueira;5;3;1;3;2;CDS.PP : { PS }  ^  PPD.PSD : { PCP.PEV ^ PS };5;3;2;1;4
"207";Almeirim;5;2;2;2;1;PCP.PEV : { PS }  ^  PPD.PSD : { PS };5;4;1;2;3
"208";AlpiarÂa;4;4;1;3;2;PPD.PSD : { PCP.PEV ^ PS };5;4;2;1;3
"209";Azambuja;5;3;2;3;1;PCP.PEV : { PS }  ^  PPD.PSD : { PS };5;4;1;2;3
"210";Benavente;5;4;1;3;2;CDS.PP : { PCP.PEV }  ^  PPD.PSD : { PCP.PEV }  ^  PS : { PCP.PEV };-1;-3;-2;-4;-5
"211";Cartaxo;4;5;3;2;1;CDS.PP : { BE }  ^  PCP.PEV : { PS }  ^  PPD.PSD : { PS };5;4;2;1;3
"212";Chamusca;5;3;2;3;1;PCP.PEV : { PS }  ^  PPD.PSD : { PCP.PEV ^ PS };5;4;2;1;3
"213";Coruche;5;4;2;3;1;CDS.PP : { PS }  ^  PCP.PEV : { PS }  ^  PPD.PSD : { PCP.PEV ^ PS };5;2.5;2.5;1;4
"214";Golego;5;2;4;2;1;PCP.PEV : { CDS.PP ^ PS }  ^  PPD.PSD : { PS };5;4;2;1;3
"215";Rio Maior;5;1;4;1;3;PCP.PEV : { CDS.PP ^ PS }  ^  PS : { CDS.PP };5;4;2;1;3
"216";Salvaterra de Magos;2;4;3;4;1;CDS.PP : { BE }  ^  PCP.PEV : { BE ^ PS }  ^  PPD.PSD : { BE ^ PCP.PEV ^ PS };5;4;2;1;3
"217";Santarem;4;5;3;1;2;CDS.PP : { BE }  ^  PCP.PEV : { PS };5;4;2;1;3
"218";Alter do Châ o;5;4;3;1;2;CDS.PP : { PCP.PEV }  ^  PS : { PPD.PSD };-1;-3;-2;-4;-5
"219";Arronches;4;4;3;1;2;PCP.PEV : { PS };5;4;2;1;3
"220";Avis;4;4;1;3;2;PPD.PSD : { PCP.PEV ^ PS };5;4;2;1;3
"221";Campo Maior;4;5;2;3;1;CDS.PP : { BE ^ PCP.PEV }  ^  PPD.PSD : { PCP.PEV };-1;-3;-2;-4;-5
"222";Castelo de Vide;4;4;3;1;2;PCP.PEV : { PS };5;4;2;1;3
"223";Crato;4;4;2;3;1;PCP.PEV : { PS }  ^  PPD.PSD : { PCP.PEV ^ PS };5;4;2;1;3
"224";Elvas;5;2;4;3;1;PCP.PEV : { CDS.PP ^ PS }  ^  PPD.PSD : { CDS.PP ^ PS };5;4;2;1;3
"225";Fronteira;5;4;3;1;2;CDS.PP : { PCP.PEV }  ^  PS : { PPD.PSD };-1;-3;-2;-4;-5
"226";Gaviao;4;4;3;2;1;PCP.PEV : { PS }  ^  PPD.PSD : { PS };5;4;2;1;3
"227";Marvao;5;4;3;1;2;PCP.PEV : { PS };5;4;2;1;3
"228";Monforte;5;3;1;3;2;CDS.PP : { PS }  ^  PPD.PSD : { PS };5;3;1;2;4
"229";Nisa;5;3;2;3;1;PCP.PEV : { PS }  ^  PPD.PSD : { PS };5;4;1;2;3
"230";Ponte de Sor;4;5;2;3;1;CDS.PP : { BE }  ^  PCP.PEV : { PS }  ^  PPD.PSD : { PS };5;4;1;2;3
"231";Portalegre;5;3;2;3;1;PCP.PEV : { PS };5;4;1;2.5;2.5
"232";Sousel;4;4;3;1;2;CDS.PP : { PCP.PEV }  ^  PS : { PPD.PSD };-1;-3;-2;-4;-5
"233";Alandroal;4;5;1;3;2;CDS.PP : { BE }  ^  PPD.PSD : { PCP.PEV ^ PS };5;4;2;1;3
"234";Arraiolos;5;4;1;3;2;CDS.PP : { PS }  ^  PPD.PSD : { PCP.PEV ^ PS };5;3;2;1;4
"235";Borba;4;4;3;2;1;CDS.PP : { PS }  ^  PCP.PEV : { PS }  ^  PPD.PSD : { PS };5;3;2;1;4
"236";Estremoz;5;4;2;3;1;CDS.PP : { PS }  ^  PCP.PEV : { PS }  ^  PPD.PSD : { PCP.PEV ^ PS };5;3;2;1;4
"237";Evora;5;3;1;3;2;CDS.PP : { PS }  ^  PPD.PSD : { PCP.PEV ^ PS };5;2.5;2.5;1;4
"238";Montemor-o-Novo;5;4;1;3;2;CDS.PP : { PS }  ^  PPD.PSD : { PCP.PEV ^ PS };5;3;2;1;4
"239";Mora;5;3;1;3;2;CDS.PP : { PS }  ^  PPD.PSD : { PCP.PEV ^ PS };5;3;2;1;4
"240";Mourao;5;2;4;2;1;PCP.PEV : { CDS.PP ^ PS }  ^  PPD.PSD : { PS };5;4;2;1;3
"241";Portel;4;3;2;4;1;PCP.PEV : { PS }  ^  PPD.PSD : { CDS.PP ^ PCP.PEV ^ PS };5;3.5;2;1;3.5
"242";Redondo;4;3;2;4;1;PCP.PEV : { PS }  ^  PPD.PSD : { CDS.PP ^ PCP.PEV ^ PS };5;4;2;1;3
"243";Reguengos de Monsaraz;5;3;2;3;1;CDS.PP : { PS }  ^  PCP.PEV : { PS }  ^  PPD.PSD : { PCP.PEV ^ PS };5;3;2;1;4
"244";Vendas Novas;4;4;2;3;1;PCP.PEV : { PS }  ^  PPD.PSD : { PS };5;4;1;2;3
"245";Viana do Alentejo;4;4;2;3;1;PCP.PEV : { PS }  ^  PPD.PSD : { PCP.PEV ^ PS };5;4;2;1;3
"246";Alcoutim;4;4;3;2;1;PCP.PEV : { PS }  ^  PPD.PSD : { PS };5;4;2;1;3
"247";Aljezur;4;4;3;2;1;PCP.PEV : { PS }  ^  PPD.PSD : { PS };5;4;1.5;1.5;3
"248";Castro Marim;4;5;3;1;2;CDS.PP : { BE }  ^  PCP.PEV : { PS };5;4;2;1;3
"249";Faro;5;1;4;1;3;PCP.PEV : { CDS.PP ^ PPD.PSD ^ PS }  ^  PS : { CDS.PP };5;4;1;2.5;2.5
"250";Lagoa;4;5;3;2;1;CDS.PP : { BE }  ^  PCP.PEV : { PPD.PSD ^ PS }  ^  PPD.PSD : { PS };5;4;1;2;3
"251";Lagos;5;4;3;2;1;PCP.PEV : { PPD.PSD ^ PS };5;4;1;3;2
"252";Loul_;5;4;3;2;1;PCP.PEV : { PPD.PSD ^ PS };5;4;1;2.5;2.5
"253";Monchique;4;4;3;1;2;PCP.PEV : { PPD.PSD ^ PS };5;4;1;2;3
"254";Olhao;4;5;3;2;1;CDS.PP : { BE }  ^  PCP.PEV : { PPD.PSD ^ PS }  ^  PPD.PSD : { PS };5;4;1;2;3
"255";Portimao;4;2;5;3;1;PCP.PEV : { BE }  ^  PPD.PSD : { CDS.PP };-1;-3;-2;-4;-5
"256";Sao BrËs de Alportel;5;4;3;2;1;PCP.PEV : { PPD.PSD ^ PS }  ^  PPD.PSD : { PS };5;4;1;2;3
"257";Silves;4;5;1;2;3;CDS.PP : { BE }  ^  PPD.PSD : { PCP.PEV }  ^  PS : { PCP.PEV };5;4;3;1;2
"258";Tavira;5;2;4;2;1;PCP.PEV : { CDS.PP ^ PPD.PSD ^ PS }  ^  PPD.PSD : { PS };5;4;1;2;3
"259";Vila do Bispo;4;4;3;2;1;PCP.PEV : { PPD.PSD ^ PS }  ^  PPD.PSD : { PS };5;4;1;2;3
"260";Vila Real de Santo Antonio;4;5;3;1;2;CDS.PP : { BE }  ^  PCP.PEV : { PPD.PSD ^ PS };5;4;1;2.5;2.5
"261";Vila do Porto;4;4;3;1;2;PCP.PEV : { PS };5;4;2;1;3
"262";Lagoa [R.A.A.];5;3;4;2;1;PCP.PEV : { CDS.PP ^ PS }  ^  PPD.PSD : { PS };5;4;2;1;3
"263";Nordeste;3;3;3;2;1;PCP.PEV : { PS }  ^  PPD.PSD : { PS };5;4;2;1;3
"264";Ponta Delgada;3;5;4;1;2;CDS.PP : { BE }  ^  PCP.PEV : { BE };5;4;3;1;2
"265";PovoaÂâ o;3;3;3;2;1;PCP.PEV : { PS }  ^  PPD.PSD : { PS };5;4;2;1;3
"266";Ribeira Grande;3;5;4;1;2;CDS.PP : { BE }  ^  PCP.PEV : { BE };5;4;2.5;1;2.5
"267";Vila Franca do Campo;4;4;3;2;1;PCP.PEV : { PS }  ^  PPD.PSD : { PS };5;4;2;1;3
"268";Angra do HeroÃsmo;4;2;5;2;1;PCP.PEV : { BE ^ CDS.PP ^ PS }  ^  PPD.PSD : { PS };5;4;2;1;3
"269";Vila da Praia da Vitâria;4;3;5;2;1;PCP.PEV : { BE ^ CDS.PP ^ PPD.PSD ^ PS }  ^  PPD.PSD : { PS };5;4;1;2;3
"270";Santa Cruz da Graciosa;3;3;3;2;1;PCP.PEV : { PS }  ^  PPD.PSD : { PS };5;4;2;1;3
"271";Calheta [R.A.A.];3;3;3;2;1;PCP.PEV : { PS }  ^  PPD.PSD : { PS };5;4;2;1;3
"272";Velas;4;1;4;2;3;PCP.PEV : { CDS.PP }  ^  PPD.PSD : { CDS.PP }  ^  PS : { CDS.PP };5;4;3;1;2
"273";Lajes do Pico;4;3;4;2;1;PCP.PEV : { CDS.PP ^ PS }  ^  PPD.PSD : { PS };5;4;2;1;3
"274";Madalena;5;3;4;1;2;PCP.PEV : { CDS.PP ^ PS };5;4;2;1;3
"275";Sâ o Roque do Pico;4;3;4;2;1;PCP.PEV : { CDS.PP ^ PS }  ^  PPD.PSD : { PS };5;4;2;1;3
"276";Horta;5;2;4;2;1;PCP.PEV : { CDS.PP }  ^  PPD.PSD : { PS };5;4;3;1;2
"277";Lajes das Flores;3;3;3;2;1;PCP.PEV : { PS }  ^  PPD.PSD : { PS };5;4;2;1;3
"278";Santa Cruz das Flores;4;2;4;2;1;PCP.PEV : { CDS.PP ^ PS }  ^  PPD.PSD : { PS };5;4;2;1;3
"279";Corvo;3;3;3;2;1;PCP.PEV : { PS }  ^  PPD.PSD : { PS };5;4;2;1;3
"280";Calheta [R.A.M.];5;2;4;1;3;PCP.PEV : { CDS.PP }  ^  PS : { CDS.PP };5;4;3;1;2
"281";CÅ mara de Lobos;4;2;3;1;4;PCP.PEV : { CDS.PP }  ^  PS : { CDS.PP ^ PCP.PEV };5;4;3;1;2
"282";Funchal;4;2;3;1;4;PCP.PEV : { CDS.PP }  ^  PS : { CDS.PP };5;4;2;1;3
"283";Machico;5;3;4;2;1;PCP.PEV : { CDS.PP }  ^  PPD.PSD : { PS };5;4;3;1;2
"284";Ponta do Sol;4;3;5;1;2;PCP.PEV : { BE ^ CDS.PP };5;4;2.5;1;2.5
"285";Porto Moniz;5;3;4;2;1;PCP.PEV : { CDS.PP ^ PS }  ^  PPD.PSD : { PS };5;4;2;1;3
"286";Ribeira Brava;5;3;4;1;2;PCP.PEV : { CDS.PP ^ PS };5;4;2;1;3
"287";Santa Cruz;3;3;2;1;3;PCP.PEV : { PPD.PSD };5;4;1;2;3
"288";Santana;5;1;4;2;3;PCP.PEV : { CDS.PP ^ PS }  ^  PPD.PSD : { CDS.PP }  ^  PS : { CDS.PP };5;4;2;1;3
"289";Sao Vicente;2;4;3;1;4;CDS.PP : { BE }  ^  PCP.PEV : { BE }  ^  PS : { BE };5;4;2;1;3
"290";Porto Santo;5;3;4;2;1;PCP.PEV : { CDS.PP }  ^  PPD.PSD : { PS };5;4;2.5;1;2.5
